{"final_train_accuracy": 0.8885831236839294, "final_val_accuracy": 0.9131258130073547, "final_train_loss": 0.3446359932422638, "final_val_loss": 0.2891933023929596, "test_loss": 0.27161312103271484, "test_accuracy": 0.918832540512085}