{"final_train_accuracy": 0.9070490002632141, "final_val_accuracy": 0.9283939003944397, "final_train_loss": 0.2846977412700653, "final_val_loss": 0.21457356214523315, "test_loss": 0.2271088808774948, "test_accuracy": 0.9205368757247925}