{"final_train_accuracy": 0.9122277498245239, "final_val_accuracy": 0.9259083867073059, "final_train_loss": 0.2689203917980194, "final_val_loss": 0.23724108934402466, "test_loss": 0.2229195237159729, "test_accuracy": 0.9299105405807495}